{
  "test": {
    "accuracy": 0.8211920529801324,
    "macro_f1": 0.8084326067447262,
    "per_class": {
      "Capital Allocation / CAPEX": {
        "f1": 0.7966101694915254,
        "precision": 0.8703703703703703,
        "recall": 0.734375,
        "support": 64
      },
      "Demand / Revenue Growth": {
        "f1": 0.8666666666666666,
        "precision": 0.8125,
        "recall": 0.9285714285714286,
        "support": 14
      },
      "Macro / Cyclical Risk": {
        "f1": 0.8219178082191781,
        "precision": 0.8333333333333334,
        "recall": 0.8108108108108109,
        "support": 37
      },
      "Margins / Profitability": {
        "f1": 0.6545454545454545,
        "precision": 0.6428571428571429,
        "recall": 0.6666666666666666,
        "support": 27
      },
      "Neutral / Other": {
        "f1": 0.7575757575757577,
        "precision": 0.6578947368421053,
        "recall": 0.8928571428571429,
        "support": 28
      },
      "Product / Technology Strategy": {
        "f1": 0.897196261682243,
        "precision": 0.9056603773584906,
        "recall": 0.8888888888888888,
        "support": 54
      },
      "Regulation / Legal": {
        "f1": 0.8645161290322582,
        "precision": 0.8701298701298701,
        "recall": 0.8589743589743589,
        "support": 78
      }
    },
    "weighted_f1": 0.8221624098182327
  },
  "train": {
    "accuracy": 0.9637526652452025,
    "macro_f1": 0.9604016795909819,
    "per_class": {
      "Capital Allocation / CAPEX": {
        "f1": 0.9624573378839592,
        "precision": 0.9724137931034482,
        "recall": 0.9527027027027027,
        "support": 296
      },
      "Demand / Revenue Growth": {
        "f1": 0.9315068493150686,
        "precision": 0.8717948717948718,
        "recall": 1.0,
        "support": 68
      },
      "Macro / Cyclical Risk": {
        "f1": 0.9570200573065903,
        "precision": 0.9488636363636364,
        "recall": 0.9653179190751445,
        "support": 173
      },
      "Margins / Profitability": {
        "f1": 0.9763779527559054,
        "precision": 0.96875,
        "recall": 0.9841269841269841,
        "support": 126
      },
      "Neutral / Other": {
        "f1": 0.9591078066914498,
        "precision": 0.9214285714285714,
        "recall": 1.0,
        "support": 129
      },
      "Product / Technology Strategy": {
        "f1": 0.96579476861167,
        "precision": 0.97165991902834,
        "recall": 0.96,
        "support": 250
      },
      "Regulation / Legal": {
        "f1": 0.9705469845722299,
        "precision": 0.9942528735632183,
        "recall": 0.947945205479452,
        "support": 365
      }
    },
    "weighted_f1": 0.9639240784032262
  },
  "validation": {
    "accuracy": 0.8372093023255814,
    "macro_f1": 0.8084565274229251,
    "per_class": {
      "Capital Allocation / CAPEX": {
        "f1": 0.8160000000000001,
        "precision": 0.8225806451612904,
        "recall": 0.8095238095238095,
        "support": 63
      },
      "Demand / Revenue Growth": {
        "f1": 0.625,
        "precision": 0.5882352941176471,
        "recall": 0.6666666666666666,
        "support": 15
      },
      "Macro / Cyclical Risk": {
        "f1": 0.8378378378378378,
        "precision": 0.8378378378378378,
        "recall": 0.8378378378378378,
        "support": 37
      },
      "Margins / Profitability": {
        "f1": 0.8518518518518519,
        "precision": 0.8518518518518519,
        "recall": 0.8518518518518519,
        "support": 27
      },
      "Neutral / Other": {
        "f1": 0.7586206896551724,
        "precision": 0.7096774193548387,
        "recall": 0.8148148148148148,
        "support": 27
      },
      "Product / Technology Strategy": {
        "f1": 0.8679245283018868,
        "precision": 0.8846153846153846,
        "recall": 0.8518518518518519,
        "support": 54
      },
      "Regulation / Legal": {
        "f1": 0.9019607843137256,
        "precision": 0.92,
        "recall": 0.8846153846153846,
        "support": 78
      }
    },
    "weighted_f1": 0.8388259944367514
  }
}