{
  "test": {
    "accuracy": 0.8145695364238411,
    "macro_f1": 0.814625715206473,
    "per_class": {
      "AI / Product Strategy": {
        "f1": 0.8799999999999999,
        "precision": 0.8461538461538461,
        "recall": 0.9166666666666666,
        "support": 36
      },
      "Capital Allocation / CAPEX": {
        "f1": 0.7966101694915254,
        "precision": 0.8703703703703703,
        "recall": 0.734375,
        "support": 64
      },
      "Competition": {
        "f1": 0.8823529411764706,
        "precision": 0.9375,
        "recall": 0.8333333333333334,
        "support": 18
      },
      "Demand Growth": {
        "f1": 0.8666666666666666,
        "precision": 0.8125,
        "recall": 0.9285714285714286,
        "support": 14
      },
      "Macro Risk": {
        "f1": 0.8055555555555555,
        "precision": 0.8285714285714286,
        "recall": 0.7837837837837838,
        "support": 37
      },
      "Margins / Profitability": {
        "f1": 0.6785714285714286,
        "precision": 0.6551724137931034,
        "recall": 0.7037037037037037,
        "support": 27
      },
      "Neutral / Other": {
        "f1": 0.7575757575757577,
        "precision": 0.6578947368421053,
        "recall": 0.8928571428571429,
        "support": 28
      },
      "Regulation / Legal": {
        "f1": 0.8496732026143791,
        "precision": 0.8666666666666667,
        "recall": 0.8333333333333334,
        "support": 78
      }
    },
    "weighted_f1": 0.8155375902814382
  },
  "train": {
    "accuracy": 0.9587775408670931,
    "macro_f1": 0.9579250582301594,
    "per_class": {
      "AI / Product Strategy": {
        "f1": 0.964071856287425,
        "precision": 0.9526627218934911,
        "recall": 0.9757575757575757,
        "support": 165
      },
      "Capital Allocation / CAPEX": {
        "f1": 0.9569707401032702,
        "precision": 0.9754385964912281,
        "recall": 0.9391891891891891,
        "support": 296
      },
      "Competition": {
        "f1": 0.9550561797752808,
        "precision": 0.9139784946236559,
        "recall": 1.0,
        "support": 85
      },
      "Demand Growth": {
        "f1": 0.9444444444444444,
        "precision": 0.8947368421052632,
        "recall": 1.0,
        "support": 68
      },
      "Macro Risk": {
        "f1": 0.9597701149425287,
        "precision": 0.9542857142857143,
        "recall": 0.9653179190751445,
        "support": 173
      },
      "Margins / Profitability": {
        "f1": 0.9725490196078431,
        "precision": 0.9612403100775194,
        "recall": 0.9841269841269841,
        "support": 126
      },
      "Neutral / Other": {
        "f1": 0.9516728624535317,
        "precision": 0.9142857142857143,
        "recall": 0.9922480620155039,
        "support": 129
      },
      "Regulation / Legal": {
        "f1": 0.9588652482269503,
        "precision": 0.9941176470588236,
        "recall": 0.9260273972602739,
        "support": 365
      }
    },
    "weighted_f1": 0.958827444261622
  },
  "validation": {
    "accuracy": 0.8372093023255814,
    "macro_f1": 0.8154800232999644,
    "per_class": {
      "AI / Product Strategy": {
        "f1": 0.8493150684931505,
        "precision": 0.8157894736842105,
        "recall": 0.8857142857142857,
        "support": 35
      },
      "Capital Allocation / CAPEX": {
        "f1": 0.8225806451612904,
        "precision": 0.8360655737704918,
        "recall": 0.8095238095238095,
        "support": 63
      },
      "Competition": {
        "f1": 0.8235294117647058,
        "precision": 0.9333333333333333,
        "recall": 0.7368421052631579,
        "support": 19
      },
      "Demand Growth": {
        "f1": 0.6666666666666666,
        "precision": 0.6111111111111112,
        "recall": 0.7333333333333333,
        "support": 15
      },
      "Macro Risk": {
        "f1": 0.8493150684931507,
        "precision": 0.8611111111111112,
        "recall": 0.8378378378378378,
        "support": 37
      },
      "Margins / Profitability": {
        "f1": 0.8518518518518519,
        "precision": 0.8518518518518519,
        "recall": 0.8518518518518519,
        "support": 27
      },
      "Neutral / Other": {
        "f1": 0.7586206896551724,
        "precision": 0.7096774193548387,
        "recall": 0.8148148148148148,
        "support": 27
      },
      "Regulation / Legal": {
        "f1": 0.9019607843137256,
        "precision": 0.92,
        "recall": 0.8846153846153846,
        "support": 78
      }
    },
    "weighted_f1": 0.8387243328815874
  }
}